id,name,occupation,invitation_code
1,Hristo Bogoev,Engineer,VIP-R
2,John Doe,Software Developer,VIP-R
3,James Bond,Spy,VIP-R
4,Marcus Chen,Software Developer,VIP-R
5,Isabella Rodriguez,Architect,VIP-B
6,James Wilson,Doctor,VIP-G
7,Sofia Patel,Investment Banker,VIP-R
8,Lucas Kim,Professor,VIP-B
9,Emma Thompson,Lawyer,VIP-G
10,Alexander Wang,CEO,VIP-R
11,Olivia Brown,Artist,VIP-B
12,William Davis,Entrepreneur,VIP-G
13,Ava Martinez,Surgeon,VIP-R
14,Ethan Taylor,Financial Analyst,VIP-B
15,Sophia Lee,Marketing Director,VIP-G
16,Benjamin Garcia,Real Estate Developer,VIP-R
17,Mia Anderson,Fashion Designer,VIP-B
18,Daniel Murphy,Executive Chef,VIP-G
19,Charlotte Wong,Venture Capitalist,VIP-R
20,Henry Johnson,Film Producer,VIP-B
21,Amelia Clark,Biotech Researcher,VIP-G
22,Sebastian Lewis,Music Producer,VIP-R
23,Victoria White,Gallery Owner,VIP-B
24,Jack Robinson,Sports Agent,VIP-G
25,Zoe Campbell,Interior Designer,VIP-R
26,Oliver Scott,Hotel Manager,VIP-B
27,Luna Phillips,Tech Entrepreneur,VIP-G
28,Theodore Green,Restaurant Owner,VIP-R
29,Grace Turner,Publishing Executive,VIP-B
30,Leo Mitchell,Hedge Fund Manager,VIP-G
31,Aria Foster,Jewelry Designer,VIP-R
32,Owen Ross,Film Director,VIP-B
33,Scarlett Hayes,Art Curator,VIP-G
34,Felix Morgan,Aerospace Engineer,VIP-R
35,Chloe Bennett,Fashion Editor,VIP-B
36,Max Cooper,Consultant,VIP-G
37,Lily Stewart,PR Executive,VIP-R
38,Hugo Price,Wine Importer,VIP-B
39,Audrey Gray,Theater Director,VIP-G
40,Julian Wood,Sports Team Owner,VIP-R
41,Hazel Reed,Philanthropist,VIP-B
42,Oscar Kelly,University Dean,VIP-G
43,Ruby Baker,Actor,VIP-R
44,Arthur Collins,Investment Manager,VIP-B
45,Violet Ward,Museum Director,VIP-G
46,Miles Richardson,Record Producer,VIP-R
47,Penelope Hughes,Magazine Editor,VIP-B
48,Caleb Morris,Real Estate Investor,VIP-G
49,Stella James,Art Dealer,VIP-R
50,Finn Russell,Startup Founder,VIP-B
51,Eleanor Brooks,Corporate Lawyer,VIP-G
52,Atlas Powell,Hotel Developer,VIP-R
53,Ivy Peterson,Fashion Consultant,VIP-B
54,Liam Henderson,Restaurant Critic,VIP-G
55,Nova Watson,Tech Investor,VIP-R
56,Jasper Cox,Theater Producer,VIP-B
57,Clara Howard,Gallery Director,VIP-G
58,Silas Butler,Luxury Car Dealer,VIP-R
59,Aurora Long,Event Planner,VIP-B
60,Roman Fisher,Nightclub Owner,VIP-G
61,Delilah Marshall,Fashion Photographer,VIP-R
62,Kai Barnes,Sports Manager,VIP-B
63,Iris Fleming,Interior Architect,VIP-G
64,Apollo Grant,Film Investor,VIP-R
65,Eden Shaw,Jewelry Collector,VIP-B
66,River Harrison,Music Executive,VIP-G
67,Thea Gibson,Art Collector,VIP-R
68,Atlas Wallace,Property Developer,VIP-B
69,Sage Johnston,Fashion Designer,VIP-G
70,Phoenix Ellis,Tech CEO,VIP-R
71,Willow Stevens,Publishing Director,VIP-B
72,Orion Chapman,Investment Banker,VIP-G
73,Luna West,Art Gallery Owner,VIP-R
74,Atlas Hunt,Venture Capitalist,VIP-B
75,Aurora Palmer,Fashion Editor,VIP-G
76,Kai Spencer,Real Estate Mogul,VIP-R
77,Nova Ferguson,Theater Owner,VIP-B
78,Phoenix Mason,Tech Entrepreneur,VIP-G
79,Eden Tucker,Film Producer,VIP-R
80,River Wells,Hotel Chain Owner,VIP-B
81,Sage Crawford,Art Director,VIP-G
82,Atlas Bradley,Investment Manager,VIP-R
83,Luna Griffin,Fashion House Owner,VIP-B
84,Phoenix McDonald,Tech Investor,VIP-G
85,Eden Carroll,Gallery Curator,VIP-R
86,River Hopkins,Restaurant Owner,VIP-B
87,Sage Hawkins,Jewelry Designer,VIP-G
88,Atlas Perkins,Property Investor,VIP-R
89,Luna Matthews,Fashion Consultant,VIP-B
90,Phoenix Morrison,Tech Executive,VIP-G
91,Eden Robertson,Art Collector,VIP-R
92,River Kennedy,Hotel Developer,VIP-B
93,Sage Lawrence,Theater Producer,VIP-G
94,Atlas Dixon,Investment Banker,VIP-R
95,Luna Ramos,Gallery Owner,VIP-B
96,Phoenix Boyd,Tech Founder,VIP-G
97,Eden Cole,Fashion Designer,VIP-R
98,River Fox,Real Estate Developer,VIP-B
99,Sage Warren,Art Dealer,VIP-G
100,Atlas Holmes,Venture Capitalist,VIP-R
101,Luna Reeves,Fashion Buyer,VIP-B
102,Phoenix Lloyd,Tech Director,VIP-G
103,Eden Walsh,Art Curator,VIP-R
104,River Santos,Hotel Manager,VIP-B
105,Mike Manning,Wealth Reallocation Expert,VIP-R
106,Atlas Ortiz,Investment Advisor,VIP-R
107,Luna Delgado,Gallery Manager,VIP-B
108,Phoenix Barton,Consultant,VIP-G
109,Eden Cruz,Fashion Buyer,VIP-R
110,River Mendoza,Real Estate Agent,VIP-B
111,Sage Zimmerman,Art Dealer,VIP-G
112,Atlas Owens,Venture Partner,VIP-G
113,Luna Watts,Fashion Editor,VIP-B
114,Phoenix Klein,Tech Advisor,VIP-G
115,Eden Burgess,Gallery Director,VIP-R
116,Vivian Nair,Consultant,VIP-R
117,Sage Daniels,Theater Manager,VIP-G
118,Atlas Guerrero,Investment Director,VIP-R
119,Luna Chandler,Fashion Consultant,VIP-B
120,Phoenix Barker,Tech Manager,VIP-G
121,Eden Norris,Art Collector,VIP-R
122,River Quinn,Property Manager,VIP-B
123,Sage Vaughn,Theater Producer,VIP-G
124,Atlas Poole,Investment Banker,VIP-R
125,Luna Wolfe,Gallery Owner,VIP-B
126,Phoenix Shields,Tech Executive,VIP-G
127,Eden Pearson,Fashion Designer,VIP-R
128,River Dawson,Real Estate Broker,VIP-B
129,Clint Eastwood,Actor,VIP-G
130,Atlas Malone,Venture Capitalist,VIP-R
131,Luna Rojas,Fashion Buyer,VIP-B
132,Phoenix Gibbs,Tech Director,VIP-G
133,Eden Ballard,Gallery Manager,VIP-R
134,River Vega,Hotel Developer,VIP-B
135,Sage Russo,Consultant,VIP-G
136,Atlas Wise,Investment Advisor,VIP-R
137,Luna Kirby,Fashion Editor,VIP-B
138,Phoenix Sandoval,Consultant,VIP-G
139,Eden Huff,Art Dealer,VIP-R
140,River Frost,Property Developer,VIP-B
141,Sage Morse,Theater Producer,VIP-G
142,Atlas Whitehead,Investment Director,VIP-R
143,Luna Bullock,Gallery Owner,VIP-B
144,Phoenix Rich,Tech Manager,VIP-G
145,Eden Todd,Fashion Consultant,VIP-G
146,River Glass,Hotel Executive,VIP-B
147,Sage Hendricks,Art Curator,VIP-G
148,Atlas Cummings,Venture Partner,VIP-R
149,Luna Hutchinson,Fashion Designer,VIP-B
150,Phoenix Golden,Tech Executive,VIP-G
151,Eden Skinner,Gallery Director,VIP-R
152,River Wilkinson,Real Estate Agent,VIP-B
153,Sage Pruitt,Theater Manager,VIP-G
154,Atlas Hogan,Investment Banker,VIP-R
155,Luna Conley,Consultant,VIP-B
156,Phoenix Velazquez,Tech Director,VIP-G
157,Eden Combs,Art Collector,VIP-R
158,River Hood,Hotel Manager,VIP-B
159,Sage Kaufman,Theater Producer,VIP-G
160,Atlas Dudley,Investment Advisor,VIP-R
161,Luna Horne,Gallery Manager,VIP-B
162,Phoenix Farley,Consultant,VIP-G
163,Eden Lowery,Fashion Editor,VIP-R
164,River Bowers,Actor,VIP-B
165,Sage Phelps,Art Dealer,VIP-G
166,Atlas Crane,Venture Capitalist,VIP-R
167,Luna Dalton,Fashion Designer,VIP-B
168,Phoenix Browning,Tech Executive,VIP-G
169,Eden Shepherd,Gallery Owner,VIP-R
170,River Griffith,Hotel Developer,VIP-B
171,Sage Merritt,Theater Director,VIP-G
172,Atlas Chaney,Investment Director,VIP-R
173,Luna Odom,Fashion Consultant,VIP-B
174,Phoenix Hendrix,Tech Manager,VIP-G
175,Eden Stark,Art Curator,VIP-R
176,River Meyers,Real Estate Broker,VIP-B
177,Sage Sloan,Theater Producer,VIP-G
178,Atlas Hinton,Investment Banker,VIP-R
179,Luna Terrell,Fashion Buyer,VIP-B
180,Phoenix Riggs,Tech Director,VIP-G
181,Eden Hess,Gallery Manager,VIP-R
182,River Weeks,Hotel Executive,VIP-B
183,Sage Wilcox,Art Dealer,VIP-G
184,Atlas Melton,Venture Partner,VIP-R
185,Luna Gilmore,Fashion Editor,VIP-B
186,Phoenix Kinney,Consultant,VIP-G
187,Eden Whitaker,Gallery Director,VIP-R
188,River Madden,Property Manager,VIP-B
189,Sage Dillon,Actor,VIP-G
190,Atlas Roach,Investment Advisor,VIP-B
191,Luna Blanchard,Fashion Designer,VIP-B
192,Phoenix Pitts,Actor,VIP-G
193,Eden McCall,Art Collector,VIP-R
194,River Marsh,Hotel Developer,VIP-B
195,Sage Lindsey,Theater Producer,VIP-G
196,Atlas Thorton,Investment Director,VIP-R
197,Luna Graves,Fashion Consultant,VIP-B
198,Phoenix Savage,Tech Manager,VIP-G
199,Eden Meadows,Gallery Owner,VIP-R
200,River Frost,Real Estate Agent,VIP-B
